{
    "num_docs": 2702,
    "num_words_split": 11662,
    "num_words_punct_spacy": 11662,
    "num_words_no_punct_spacy": 11662,
    "num_chars": 19566,
    "sum_lang_score": 2474.923257768154,
    "avg_words_split": 4.316062176165803,
    "avg_words_punct_spacy": 4.316062176165803,
    "avg_words_no_punct_spacy": 4.316062176165803,
    "avg_chars": 7.241302738712065,
    "avg_language_score": 0.9159597549104938
}