{
    "num_docs": 63,
    "num_words_split": 2333,
    "num_words_punct_spacy": 2938,
    "num_words_no_punct_spacy": 2379,
    "num_chars": 17437,
    "sum_lang_score": 62.88804650306702,
    "avg_words_split": 37.03174603174603,
    "avg_words_punct_spacy": 46.63492063492063,
    "avg_words_no_punct_spacy": 37.76190476190476,
    "avg_chars": 276.77777777777777,
    "avg_language_score": 0.9982229603661431
}