{
    "num_docs": 3491,
    "num_words_split": 47305,
    "num_words_punct_spacy": 58714,
    "num_words_no_punct_spacy": 48557,
    "num_chars": 388330,
    "sum_lang_score": 2841.656493112445,
    "avg_words_split": 13.550558579203667,
    "avg_words_punct_spacy": 16.81867659696362,
    "avg_words_no_punct_spacy": 13.909195073044973,
    "avg_chars": 111.23746777427671,
    "avg_language_score": 0.8139949851367645
}