{
    "num_docs": 273236,
    "num_words_split": 3716754,
    "num_words_punct_spacy": 4659476,
    "num_words_no_punct_spacy": 3801484,
    "num_chars": 3848848,
    "sum_lang_score": 261151.22418744862,
    "avg_words_split": 13.602724384780922,
    "avg_words_punct_spacy": 17.052935923523986,
    "avg_words_no_punct_spacy": 13.912822614882373,
    "avg_chars": 14.086167269320294,
    "avg_language_score": 0.9557716559583972
}