{
    "num_docs": 103,
    "num_words_split": 3679,
    "num_words_punct_spacy": 4600,
    "num_words_no_punct_spacy": 3744,
    "num_chars": 26928,
    "sum_lang_score": 101.80589383840561,
    "avg_words_split": 35.71844660194175,
    "avg_words_punct_spacy": 44.66019417475728,
    "avg_words_no_punct_spacy": 36.349514563106794,
    "avg_chars": 261.43689320388347,
    "avg_language_score": 0.9884067362952
}